{"cameraMode":{"drawMode":0,"name":"Shaded","section":"Shading Mode"},"sceneLighting":true,"audioPlay":false,"sceneViewState":{"showFog":true,"showMaterialUpdate":false,"showSkybox":false,"showFlares":true,"showImageEffects":true,"showParticleSystems":true},"in2DMode":false,"pivot":{"x":-3.681689977645874,"y":0.4707789123058319,"z":-34.15577697753906},"rotation":{"x":-0.014772843569517136,"y":0.9733036756515503,"z":-0.22149381041526795,"w":-0.06154424697160721},"size":36.2916145324707,"orthographic":false}