{"cameraMode":{"drawMode":0,"name":"Shaded","section":"Shading Mode"},"sceneLighting":false,"audioPlay":false,"sceneViewState":{"showFog":true,"showMaterialUpdate":false,"showSkybox":false,"showFlares":true,"showImageEffects":true,"showParticleSystems":true},"in2DMode":false,"pivot":{"x":81.23684692382813,"y":258.0191955566406,"z":-206.25567626953126},"rotation":{"x":-0.08977226912975311,"y":-0.09546630829572678,"z":0.00864504836499691,"w":-0.9913490414619446},"size":517.026611328125,"orthographic":false}