{"cameraMode":{"drawMode":0,"name":"Shaded","section":"Shading Mode"},"sceneLighting":false,"audioPlay":false,"sceneViewState":{"showFog":true,"showMaterialUpdate":false,"showSkybox":false,"showFlares":true,"showImageEffects":true,"showParticleSystems":true},"in2DMode":false,"pivot":{"x":0.2130381017923355,"y":0.32303935289382937,"z":0.5688208341598511},"rotation":{"x":0.045851513743400577,"y":0.03479933366179466,"z":-0.0021805136930197479,"w":0.9985560774803162},"size":2.6242897510528566,"orthographic":false}