{"cameraMode":{"drawMode":0,"name":"Shaded","section":"Shading Mode"},"sceneLighting":false,"audioPlay":false,"sceneViewState":{"showFog":true,"showMaterialUpdate":false,"showSkybox":false,"showFlares":true,"showImageEffects":true,"showParticleSystems":true},"in2DMode":false,"pivot":{"x":-10.000004768371582,"y":7.573022842407227,"z":-0.00000476837158203125},"rotation":{"x":0.24016375839710236,"y":0.35470718145370486,"z":-0.09303909540176392,"w":0.8991429209709168},"size":52.80949401855469,"orthographic":false}