{"cameraMode":{"drawMode":0,"name":"Shaded","section":"Shading Mode"},"sceneLighting":false,"audioPlay":false,"sceneViewState":{"showFog":true,"showMaterialUpdate":false,"showSkybox":false,"showFlares":true,"showImageEffects":true,"showParticleSystems":true},"in2DMode":false,"pivot":{"x":-0.013348400592803955,"y":0.8339537382125855,"z":2.5331974029541018e-7},"rotation":{"x":-0.2578374147415161,"y":0.635668933391571,"z":-0.2494826316833496,"w":-0.6846488118171692},"size":4.182894229888916,"orthographic":false}