{"cameraMode":{"drawMode":0,"name":"Shaded","section":"Shading Mode"},"sceneLighting":false,"audioPlay":false,"sceneViewState":{"showFog":true,"showMaterialUpdate":false,"showSkybox":false,"showFlares":true,"showImageEffects":true,"showParticleSystems":true},"in2DMode":false,"pivot":{"x":-11.011730194091797,"y":0.5384427309036255,"z":0.5765218138694763},"rotation":{"x":-0.00265634641982615,"y":0.9924632906913757,"z":-0.021443288773298265,"w":-0.12114886194467545},"size":5.105085372924805,"orthographic":false}