{"cameraMode":{"drawMode":0,"name":"Shaded","section":"Shading Mode"},"sceneLighting":false,"audioPlay":false,"sceneViewState":{"showFog":true,"showMaterialUpdate":false,"showSkybox":false,"showFlares":true,"showImageEffects":true,"showParticleSystems":true},"in2DMode":false,"pivot":{"x":0.04915374144911766,"y":0.35199666023254397,"z":0.03715396672487259},"rotation":{"x":-0.03366291895508766,"y":0.7932408452033997,"z":-0.6065473556518555,"w":-0.04404497891664505},"size":3.9266340732574465,"orthographic":false}