{"cameraMode":{"drawMode":0,"name":"Shaded","section":"Shading Mode"},"sceneLighting":false,"audioPlay":false,"sceneViewState":{"showFog":true,"showMaterialUpdate":false,"showSkybox":false,"showFlares":true,"showImageEffects":true,"showParticleSystems":true},"in2DMode":false,"pivot":{"x":-10.000005722045899,"y":7.744406700134277,"z":0.6868801116943359},"rotation":{"x":0.24016375839710236,"y":0.35470718145370486,"z":-0.09303909540176392,"w":0.8991429209709168},"size":54.51474380493164,"orthographic":false}