{"cameraMode":{"drawMode":0,"name":"Shaded","section":"Shading Mode"},"sceneLighting":false,"audioPlay":false,"sceneViewState":{"showFog":true,"showMaterialUpdate":false,"showSkybox":false,"showFlares":true,"showImageEffects":true,"showParticleSystems":true},"in2DMode":false,"pivot":{"x":-13.03409194946289,"y":-3.2095930576324465,"z":-0.9158206582069397},"rotation":{"x":0.09022415429353714,"y":-0.7363282442092896,"z":0.10029667615890503,"w":0.6631618142127991},"size":19.862218856811525,"orthographic":false}